"An Cnoc",2001,,46.00
"An Cnoc",24-year-old,24,46.00
"An Cnoc",Flaughter,,46.00
"An Cnoc",Rascan,,46.00
"As We Get It","NAS IM",,61.20
"As We Get It","NAS IM",,61.30
"As We Get It","NAS IM",,61.70
"As We Get It","NAS IM",,65.10
"As We Get It","NAS IM",,66.10
"Aureum 1865","2008 ",5,53.90
"Aureum 1865",05-year-old,5,43.00
"Beinn Dubh","The Black",,43.00
"Ben Nevis","1966 MBl",42,40.60
"Ben Nevis","1966 WhB",49,29.50
"Ben Nevis","1967 DL",45,42.90
"Ben Nevis","1970 AD",37,50.90
"Ben Nevis","1970 BR",43,44.70
"Ben Nevis","1970 JW",43,44.60
"Ben Nevis","1972 MBl",43,42.50
"Ben Nevis","1986 CWL",27,52.90
"Ben Nevis","1986 HMcD",,58.20
"Ben Nevis","1986 UD",26,58.20
"Ben Nevis","1991 SV",23,46.00
"Ben Nevis","1992 vW",21,46.00
"Ben Nevis","1995 WCh",19,53.50
"Ben Nevis","1996 AC",18,57.20
"Ben Nevis","1996 AD",11,60.10
"Ben Nevis","1996 BD",20,57.10
"Ben Nevis","1997 BD",18,51.20
"Ben Nevis","1997 C&S",17,49.00
"Ben Nevis","1997 CM",,52.80
"Ben Nevis","1997 WCh",16,52.70
"Ben Nevis","1998 AI",17,46.00
"Ben Nevis","1998 ANHA",,52.60
"Big Peat","Christmas Edition DL",,53.60
"Big Peat","Christmas Edition DL",,54.60
"Big Peat","Christmas Edition DL",,55.70
"Black Forest",2009,5,52.90
"Black Forest",2011,3,43.00
"Black Islay Devil","No. 3 WCh",,57.00
"Blair Athol","1988 ALOS",28,51.20
"Blair Athol","1988 SV",25,56.80
"Blair Athol","1988 SV",28,60.60
"Blair Athol","1988 vW",25,46.00
"Blair Athol","1991 TWC",25,52.50
"Blair Athol","1991 Wy",,46.00
"Blair Athol","1998 C&S",14,59.70
"Blair Athol","2002 LsD",11,46.00
"Blair Athol","2010 C&S",5,58.50
"Blended Malt Scotch Whisky","1997 C&S",16,54.40
"Bodach - Aislig","1980 MM",35,46.00
"Braes of Glenlivet","1989 HMcD",,59.70
"Braes of Glenlivet","1989 WCh",24,59.20
"Buffalo Trace","Kentucky Straight Bourbon",,40.00
"Caol Ila","1980 MM",30,51.90
"Caol Ila","1980 Wy",,46.00
"Caol Ila","1981 C&S",28,60.30
"Caol Ila","1981 DL",19,50.00
"Caol Ila","1981 DT",29,54.10
"Caol Ila","1981 DT",30,54.80
"Caol Ila","1982 Wy",,46.00
"Caol Ila","1982 Wy",30,46.00
"Caol Ila","1983 JW",30,52.90
"Caol Ila","1983 JY",27,52.00
"Caol Ila","1983 Wy",,46.00
"Caol Ila","1984 DL",27,51.90
"Caol Ila","1984 LMDW",30,50.50
"Caol Ila","1990 WM",25,54.30
"Caol Ila","1993 DR",21,56.80
"Caol Ila","1997 MT",19,40.20
"Caol Ila","1997 Unpeated Style",17,55.90
"Caol Ila","1997 Wx",,42.30
"Caol Ila","1997 Wy",,46.00
"Caol Ila","2005 ANHA",10,54.40
"Caol Ila","2006 BD",9,51.70
"Caol Ila","2006 C&S",8,46.00
"Caol Ila","2008 LsD",5,46.00
"Caol Ila",18-year-old,18,43.00
"Caol Ila",1997,8,59.80
"Caol Ila",25-year-old,25,43.00
"Caol Ila",NAS,0,43.00
"Chivas Regal",18-year-old,18,40.00
"Crois Chill Daltain","II NAS RW&W",,50.80
"Crois Chill Daltain","NAS RW&W",,51.20
"Crown Royal","Fine De Luxe - Blended Canadian Whisky",,40.00
"Crown Royal","Limited Edition",,40.00
"Dallas Dhu","1980 GM",,43.00
"Dallas Dhu","1980 SV",30,54.70
"Don of the Isles","08-year-old pc.de",8,49.60
"Dram Regional","09-year-old C&S",9,46.00
"Dram Regional","16-year-old C&S",16,46.00
"Dram Regional","17-year-old C&S",17,46.00
"El Máximo","No. 5 Wx",,65.30
"El Máximo","No. 9 Wx",,66.20
"George Dickel","No. 12",12,43.00
"George T. Stagg","Barrel Proof",15,69.10
"Gibson's Finest",12-year-old,12,40.00
"Glen Albyn",1975,26,54.80
"Glen Deer",30-year-old,30,40.00
"Glen Deveron",10-year-old,10,40.00
"Glen Deveron",16-year-old,16,40.00
"Glen Deveron",1996,10,40.00
"Glen Elgin","1995 C&S",16,60.00
"Glen Elgin","1995 HMcD",,57.00
"Glen Elgin","1995 Wy",20,46.00
"Glen Els","05-year-old Malaga",5,47.70
"Glen Els","05-year-old Malaga",5,51.30
"Glen Els","05-year-old Noir",5,45.90
"Glen Els","2007 ",3,45.90
"Glen Els","2007 - 2011 Endless Summer",,45.90
"Glen Els","2008 ",5,48.20
"Glen Els","2008 ",6,46.90
"Glen Els","2008 - 2010",,45.90
"Glen Els","2008 - 2011",,45.90
"Glen Els","2008 - Pale Cream Sherry",8,51.40
"Glen Els","Black Morbow",,48.90
"Glen Els","Botschafter 2014",,57.50
"Glen Els","Cosy Winter II",,49.30
"Glen Els","Cosy Winter",,45.90
"Glen Els","Diplomat 2016",5,51.10
"Glen Els","Dirty Pedro",,55.10
"Glen Els","Four Seasons 2013 - Jul",,45.90
"Glen Els","Four Seasons 2013",,45.90
"Glen Els","Four Seasons 2014",,45.90
"Glen Els","Four Seasons 2014",5,45.90
"Glen Els","Mediterranea  Edition",,45.90
"Glen Els","Rarities 2013",5,45.90
"Glen Els","Sherry - Triple Firkin Special Vol. II",,55.00
"Glen Els","The Distillery Edition",,45.90
"Glen Els","The Glen Els - X",10,49.60
"Glen Els","The Journey",,43.00
"Glen Els","Triple Firkin Special - Friends of The Glen Els",,57.30
"Glen Els","Triple Oak",,58.70
"Glen Els","Triple Port",4,49.30
"Glen Els","Unique Distillery Edition",,45.90
"Glen Els","Unique Distillery Edition",0,45.90
"Glen Els","Wayfare - The Cask Strength",,57.90
"Glen Els","Wayfare - The Cask Strength",,61.10
"Glen Els",2007,7,48.20
"Glen Els",2007,7,48.90
"Glen Els",2008,,44.40
"Glen Els",2008,5,45.60
"Glen Els",2008,5,46.60
"Glen Els",2008,7,47.80
"Glen Els",2010,4,55.00
"Glen Els",2011,5,50.80
"Glen Els",Consul,5,50.10
"Glen Els",Diamond,,53.70
"Glen Els",Ember,4,45.90
"Glen Els",Iberica,,51.20
"Glen Els",Impair,,45.90
"Glen Els",Jul,,50.20
"Glen Els",Malaga,,50.60
"Glen Els",Manque,5,50.00
"Glen Els",Pair,4,45.90
"Glen Els",Passe,5,50.00
"Glen Els",Port,,49.30
"Glen Els",Rouge,,45.90
"Glen Flagler",05-year-old,5,40.00
"Glen Garioch","1989 Wy",,46.00
"Glen Garioch","1990 TWA",23,51.50
"Glen Garioch","1990 WCh",23,52.80
"Glen Garioch","2000 AI",15,46.00
"Glen Grant","1949 GM",,40.00
"Glen Grant","1958 GM",0,40.00
"Glen Grant","1965 CM",46,46.30
"Glen Grant","1965 CM",48,49.60
"Glen Grant","1973 TI",37,46.00
"Glen Grant","1975 DL",36,50.00
"Glen Grant","1990 SV",24,56.00
"Glen Grant","1992 C&S",21,50.80
"Glen Grant","1992 CM",22,57.00
"Glen Grant","1995 Wy",,46.00
"Glen Grant","2004 LsD",10,46.00
"Glen Grant","21-year-old GM",21,40.00
"Glen Keith","1973 CA",42,45.80
"Glen Keith","1991 Sb",21,48.10
"Glen Keith","1991 TWC",24,48.20
"Glen Keith","1992 vW",20,46.00
"Glen Keith","1992 vW",21,46.00
"Glen Keith","1993 C&S",18,51.40
"Glen Keith","1993 Wx",18,56.30
"Glen Keith","1995 LT",20,48.60
"Glen Keith",1983,,43.00
"Glen Kella","Natural White Whiskey",12,40.00
"Glen Mhor","1965 GM",42,43.00
"Glen Mhor","1980 GM",,43.00
"Glen Mhor",1976,28,51.90
"Glen Moray","08-year-old Chardonnay",8,40.00
"Glen Moray","16-year-old ",16,40.00
"Glen Moray","1988 ALOS",28,45.10
"Glen Moray","1990 WCh",21,57.70
"Glen Moray","1991 CA",8,59.90
"Glen Moray","1996 JW",20,51.70
"Glen Moray","1998 ANHA",17,57.60
"Glen Moray","1998 BD",17,57.40
"Glen Moray","1998 TWC",18,56.80
"Glen Moray","Elgin Classic - Port Cask Finish",,40.00
"Glen Moray",08-year-old,8,40.00
"Glen Moray",12-year-old,12,40.00
"Glen Moray",15-year-old,15,43.00
"Glen Moray",16-year-old,16,43.00
"Glen Moray",Chardonnay,,40.00
"Glen Orchy",08-year-old,8,40.00
"Glen Ord","1990 BF",20,54.40
"Glen Ord","1996 DD",15,48.80
"Glen Ord",25-year-old,25,58.30
"Glen Ord",28-year-old,28,58.30
"Glen Ord",30-year-old,30,58.70
"Glen Ranoch","Single Highland Malt Scotch Whisky",,40.00
"Glen Scotia","1991 Wy",,46.00
"Glen Scotia","1992 MT",21,50.90
"Glen Scotia",12-year-old,12,40.00
"Glen Scotia",14-year-old,14,40.00
"Glen Scotia",Victoriana,,51.50
"Glen Spey","1988 ANHA",25,47.30
"Glenury Royal",1968,36,51.20
"Glenury Royal",1970,36,57.90
"Grand Old Parr",12-year-old,12,40.00
"Grant's Royal",12-year-old,12,43.00
"Hammer Head",1989,20,40.70
"Hammer Head",1989,23,40.70
"Highland Aingeal","2006 WCh Vol. III",10,61.90
"Highland Park","18-year-old CA",18,46.00
"Highland Park","1967 MM",35,40.10
"Highland Park","1968 DT",34,40.10
"Highland Park","1981 CC",26,46.00
"Highland Park","1984 DR",26,53.60
"Highland Park","1985 McC",,51.60
"Highland Park","1986 QSI",20,40.00
"Highland Park","1987 GM",,43.00
"Highland Park","1987 SV",24,43.00
"Highland Park","1988 SV",10,43.00
"Highland Park","1990 SV",20,54.20
"Highland Park","1991 SV",20,46.00
"Highland Park","1995 ANHA",18,54.80
"Highland Park","1999 LMDW",15,55.20
"Highland Park","1999 SV",15,57.70
"Highland Park","Dark Origins",,46.80
"Highland Park","Fire Edition",15,45.20
"Highland Park","Ice Edition",17,53.90
"Highland Park","Leif Eriksson",,40.00
"Highland Park",10-year-old,10,46.00
"Highland Park",18-year-old,18,43.00
"Highland Park",1978,,47.80
"Highland Park",1990,0,40.00
"Highland Park",1998,,40.00
"Highland Park",2003,12,58.10
"Highland Park",25-year-old,25,45.70
"Highland Park",25-year-old,25,48.10
"Highland Park",25-year-old,25,50.70
"Highland Park",30-year-old,30,45.70
"Highland Park",30-year-old,30,48.10
"Highland Park",Drakkar,,40.00
"Highland Park",Einar,,40.00
"Highland Park",Freya,15,51.20
"Highland Park",Loki,15,48.70
"Highland Park",Odin,16,55.80
"Highland Park",Ragnvald,,44.60
"Highland Park",Sigurd,,43.00
"Highland Park",Svein,,40.00
"Highland Park",Thor,16,52.10
"Highland Park",Valkyrie,,45.90
"Highland Queen","08-year-old HQSW",8,40.00
"Highland Queen","12-year-old HQSW",12,40.00
"Islay Malt","1990 WB",21,54.80
"Islay Malt","2007 LT",7,51.90
"Isle of Jura","1988 ST",14,44.00
"Isle of Jura","1995 DL",16,50.00
"Isle of Jura","Tastival 2014",,44.00
"Isle of Jura",10-year-old,10,40.00
"Isle of Jura",1973,30,55.00
"Isle of Jura",21-year-old,21,40.00
"Isle of Jura",Superstition,,43.00
"Jack Daniel's",1954,,43.00
"Jack Daniel's",1981,,43.00
"Jack's Pirate","Das gestohlene Schiff Part I JW",5,61.50
"Jack's Pirate","Das gestohlene Schiff Part VIII JW",,55.00
"James E. Pepper 1776","07-year-old ",7,46.00
"James E. Pepper 1776","Straight Bourbon Whiskey",,50.00
"James E. Pepper 1776","Straight Rye Whiskey",,50.00
"James E. Pepper 1776",15-year-old,15,46.00
"John Drake",12-year-old,12,40.00
"Johnnie Walker","Blue Label - King George V",,43.00
"Johnnie Walker","Blue Label",,40.00
"Johnnie Walker","Double Black",,40.00
"Johnnie Walker","Green Label",15,43.00
"Johnnie Walker","Platinum Label",18,40.00
"La Famiglia Nostra","Don of Endoras",,57.10
"Little Piggy","2010 C&S",6,65.50
"Lowlander by the Sea","2010 C&S",5,68.80
"Machrie Moor","Cask Strength - Third Edition",,58.50
"Machrie Moor","Fourth Edition",,46.00
"Machrie Moor","Second Edition",,46.00
"Machrie Moor","Sixth Edition",,46.00
"Machrie Moor","Third Edition",,46.00
"Maker's 46","Red Wax",,47.00
"Match Whisky","08-year-old BBBl",8,43.00
"Maximum Peat","No. 13 Wx",,59.80
"New Filling Malt","British Spirit",,57.00
"North of Scotland","1971 G&C",42,44.00
"Old Perth","NAS MMcK",,43.00
"Old Pulteney","1980 GM",,43.00
"Old Pulteney","Duncansby Head ",,46.00
"Old Pulteney",12-year-old,12,40.00
"Old Pulteney",12-year-old,12,43.00
"Old Rip Van Winkle",10-year-old,10,53.50
"Old Woodpecker",2010,4,46.00
"Ole Smoky","Original Charred Moonshine",,51.50
"Overaged Malt Whisky","NAS MCo",,43.00
"Peat Bog","Sherry Cask TWC",,57.60
"Peat's Beast","Cask Strength FF",,52.10
"Peat's Beast","Cask Strength FF",,54.10
"Peat's Beast","Intensely Peated FF",,46.00
"Port Charlotte","2001 MC",11,62.90
"Port Charlotte","2001 RBTW",12,61.50
"Port Charlotte","2001 RBTW",12,63.30
"Port Charlotte","2002 BD",12,55.80
"Port Charlotte","2002 Private Cask Bottling",7,64.10
"Port Charlotte","2007 CC ",7,46.00
"Port Charlotte","2007 CC: 01",8,57.80
"Port Charlotte","Scottish Barley",,50.00
"Port Charlotte",10-year-old,10,50.00
"Port Charlotte",2008,,50.00
"Port Charlotte",PC11,11,59.50
"Port Charlotte",PC12,,58.70
"Port Charlotte",PC12,12,58.70
"Port Dundas","1978 HL",35,58.10
"Port Dundas","1978 MT",35,59.70
"Port Dundas","1991 MBl",24,55.10
"Port Ellen"," 2nd Release",24,59.35
"Port Ellen"," 3rd Release",24,57.30
"Port Ellen"," 6th Release",27,54.20
"Port Ellen"," 6th Release",27,54.30
"Port Ellen"," 7th Release",28,53.80
"Port Ellen"," 7th Release",28,54.70
"Port Ellen"," 8th Release",29,55.30
"Port Ellen"," 9th Release",30,57.70
"Port Ellen","10th Release",31,54.60
"Port Ellen","11th Release",32,53.90
"Port Ellen","12th Release",32,52.50
"Port Ellen","1980 GM",,40.00
"Port Ellen","1982 BR",,46.00
"Port Ellen","1982 GM",,40.00
"Port Ellen","1982 McG",18,43.00
"Port Ellen","1982 TI",27,56.00
"Port Ellen","1983 AI",28,53.40
"Port Ellen","1983 McG",25,46.00
"Port Ellen","1983 MoS",,56.00
"Port Ellen","1983 MoS",,58.90
"Port Ellen","1983 SS",28,55.50
"Port Ellen","1983 WH",23,54.10
"Racke Rauchzart",NAS,,40.00
"Rare Auld Blended","38-year-old DT",38,41.00
"Rebel Yell","Kentucky Straight Bourbon Whiskey",,40.00
"Rebel Yell","NAS - Small Batch Reserve ",,45.30
"Rob Roy","NAS MBo",,40.00
"Royal Brackla","1976 CA",38,52.90
"Royal Lochnagar",12-year-old,12,40.00
"Royal Salute","38-year-old ",38,40.00
"Royal Salute",21-year-old,21,40.00
"Sandend Bay","2012 MMcK",4,59.90
"Scotch Clarion","No 7",,40.00
"Scotch Universe","Alpha Centauri - 101° U.2.1' 1897.2""",,52.40
"Scotch Universe","Andromeda I - 97° LP.1.2' 1898.1""",8,58.70
"Scotch Universe","Andromeda III 87° LP.14.1‘ 1899.1“",,59.30
"Scotch Universe","Callisto I - 110° P.1.2' 1846.4""",9,57.30
"Scotch Universe","Callisto II - 72° P.6.1' 1846.4""",6,53.50
"Scotch Universe","Copernicus '16 - 389° P.1.1' 1966.1""",32,47.10
"Scotch Universe","Double Velocity of Light - 122 U.1.1' 1891.2""",10,55.90
"Scotch Universe","Kepler-186F - 187° U.7.1' 1775.1""",15,54.40
"Scotch Universe","Lysithea Expedition 2016",,52.90
"Scotch Universe","Lysithea I - 102° P.1.2' 1816.4""",,59.20
"Scotch Universe","Mercury I - 106° U.1.1' 1897.2""",,52.90
"Scotch Universe","Mercury II 118 U.1.1' 1897.2""",,57.80
"Scotch Universe","Pegasus I - 78° P.7.1' 1972.5'' TS",,58.30
"Scotch Universe","Pegasus II - 74° P.5.1' 1972.5'' TS",,55.00
"Scotch Universe","Pegasus III 90° P.2.1‘ 1972.5“ TS",,61.00
"Scotch Universe","Pollux I - 97° U.2.2' 1967.2""",8,59.00
"Scotch Universe","Solar Flare Alpha - 253° L.1.2' 1815.4: 1798.5""",,53.80
"Scotch Universe","Solar Flare Beta 282° U.2.2' 1824.2 : 1798.5""",23,53.30
"Scotch Universe","Starlight XXI Sierra Delta 256° U.2.2' 1962.2""",21,50.10
"Scotch Universe","Voyager I - 231° U.4.1' 1886.2""TS",19,52.90
"Scottish Leader",14-year-old,14,40.00
"Sherry Bomb","Vol. 1 pc.de",11,52.60
"Silver Seal","12-year-old Mh",12,40.00
"Silver Seal","16-year-old Mh",16,40.00
"Single Malt Irish Whiskey","2001 RK",14,57.90
"Single Malt Irish Whiskey","2002 RK",13,55.20
"Sound of Islay","NAS vW",,46.00
"South Island","23-year-old NZWC",23,40.00
"Speyside Distillery","1991 C&S",22,62.00
"Speyside Distillery","1992 AC",21,59.00
"Speyside Distillery","1994 WCh",19,55.50
"Speyside Distillery","1995 ANHA",20,54.40
"Speyside Distillery","1995 C&S",16,63.90
"Speyside Distillery","1995 MBl",21,54.40
"Speyside Distillery","1997 CM",17,56.90
"Speyside Hero","2006 WCh",,59.90
"Speyside Hero","2006 WCh",9,59.70
"Speyside Mysteria","1995 BD ",20,52.60
"Speyside Mysteria","2006 BD",9,59.70
"Speyside Region Malt","1975 ALOS",41,46.90
"Spirit of Freedom","45+ SpD",,52.00
"St Magdalene","1975 GM",,43.00
"St Magdalene","1982 GM",,46.00
"Sweden Rock","The Holy Spirit",10,40.00
"Säntis Malt","Edition Alpstein ",7,48.00
"Säntis Malt","Edition Alpstein",6,48.00
"Säntis Malt","Edition Alpstein",7,48.00
"Säntis Malt","Edition Dreifaltigkeit ",,52.00
"Säntis Malt","Edition Dreifaltigkeit",,52.00
"Säntis Malt","Edition Himmelberg",,43.00
"Säntis Malt","Edition Sigel",,40.00
"Säntis Malt","Edition Säntis",,40.00
"Säntis Malt","Private Cask Selection",5,48.00
"Säntis Malt","Private Cask Selection",6,48.20
"Säntis Malt","Snow White No.1",,48.00
"Säntis Malt","Snow White No.2",,48.00
"Säntis Malt","Snow White No.3",,48.00
"Säntis Malt","Snow White No.4",,48.00
"Säntis Malt","Whisky Edition Germany No 2",5,48.00
"The Alrik","Edition 1912 Ruska",,52.30
"The Alrik","Edition 1913 Beltaine",,50.30
"The Alrik","Sancta Brigitta",,49.20
"The Alrik","Woodsmoked - the early bird",,52.30
"The Alrik",Mabon,,54.00
"The Alrik",Mittsommer,,49.70
"The Alrik",Mittwinter,,52.30
"The Alrik",Ostara,,48.00
"The Antiquary",12-year-old,12,40.00
"The Bennachie",21-year-old,21,40.00
"The Corriemhor","Cigar Reserve FF",,46.00
"The Corriemhor","Cigar Reserve",,40.00
"The Dark Secret","1993 BD",23,53.60
"The Edge","pc.de Glendranostra",,54.70
"The English Whisky","2008 ",3,59.70
"The English Whisky",2009,3,46.00
"The Famous Grouse","The Naked Grouse",,40.00
"The Famous Grouse",30-year-old,30,43.00
"The Pipers Choice","1995 IM",14,48.00
"The Pogues","The Official Irish Whiskey of the Legendary Band",3,40.00
"The Quiet Man",08-year-old,8,40.00
"The Quiet Man",NAS,,40.00
"The Saint","2010 ANHA",,52.30
"The Singleton",10-year-old,10,40.00
"The Singleton",12-year-old,12,40.00
"The Singleton",18-year-old,18,40.00
"The Singleton",1981,,43.00
"The Sinner","2010 ANHA",,52.80
"The Spirit of Shawnee","NAS BD",,45.00
"The Trail of Tears","2003 BD",14,50.90
"Thomas H. Handy Sazerac",2004,6,63.45
"Thomas H. Handy Sazerac",2005,6,64.30
"Thomas H. Handy Sazerac",2009,,63.45
"Tullamore Dew","Ceramic Jug",,40.00
"Tullamore Dew","The Legendary Irish Whiskey",,40.00
"Tulloch Wood","1989 ANHA",24,58.30
"White Horse","America's Cup",,40.00
"Whyte & Mackay",21-year-old,21,43.00
"Whyte & Mackay",30-year-old,30,40.00
"Whyte & Mackay",Special,,43.00
"Wild Scarlet","NAS ANHA",,59.00
"Wild Turkey","Rare Breed",,54.10
"Wild Turkey",08-year-old,8,43.40
"William Larue Weller","Barrel Proof",12,67.30
"Wolf Legend",30-year-old,30,40.00
"Writer's Tears","Pot Still - Cask Strength",,53.00
"buair an diabhail of Islay","No.1 - 2008 ",,58.00
"buair an diabhail of Islay","tempt the devil ",,58.10
"buair an diabhail of Islay","tempt the devil",,58.30
"buair an diabhail of Islay","tempt the devil",,59.20
"buair an diabhail of Islay","tempt the devil",,60.90
Aberfeldy,"1994 Wy",,46.00
Aberfeldy,12-year-old,12,40.00
Aberfeldy,21-year-old,21,40.00
Aberfeldy,28-year-old,28,40.00
Aberlour,"1970 CpB",,46.00
Aberlour,"1989 CM",24,51.20
Aberlour,"1995 Warehouse No. 1",14,63.30
Aberlour,"2006 WCh",10,54.10
Aberlour,"A'bunadh batch #29",,59.90
Aberlour,"A'bunadh batch #33",,60.90
Aberlour,"A'bunadh batch #44",,59.70
Aberlour,"A'bunadh batch #48",,59.70
Aberlour,18-year-old,18,43.00
Allt-a-Bhainne,"1977 SV",27,60.70
Allt-a-Bhainne,"1995 C&S",16,52.10
Allt-a-Bhainne,"1995 WCh",18,60.40
Allt-a-Bhainne,"2008 TWC",9,53.70
Ardbeg,"17-year-old ",17,40.00
Ardbeg,"1991 GM",,40.00
Ardbeg,"1991 SV",25,51.00
Ardbeg,"1994 MM",14,53.70
Ardbeg,"1998 MoS",,56.20
Ardbeg,"1998 MoS",,56.90
Ardbeg,"1998 Renaissance",10,55.90
Ardbeg,"1998 Still Young",8,56.20
Ardbeg,"1998 Very Young",,58.30
Ardbeg,"2000 IM",15,43.50
Ardbeg,"Airigh Nam Beist",,46.00
Ardbeg,"An Oa",,46.60
Ardbeg,"Dark Cove",,46.50
Ardbeg,"Mór 2",10,46.00
Ardbeg,"Supernova ",,54.30
Ardbeg,17-year-old,17,40.00
Ardbeg,Alligator,,51.20
Ardbeg,Ardbog,,52.10
Ardbeg,Auriverdes,,49.90
Ardbeg,Blasda,,40.00
Ardbeg,Corryvreckan,,57.10
Ardbeg,Galileo,12,49.00
Ardbeg,Kelpie,,46.00
Ardbeg,Kildalton,,46.00
Ardbeg,Perpetuum,,47.40
Ardbeg,Supernova,,58.90
Ardbeg,Supernova,,60.10
Ardbeg,Ten,10,46.00
Ardbeg,Uigeadail,,54.20
Ardbeg,Uigeadail,0,54.20
Ardmore,"1990 GM",,43.00
Ardmore,"2002 GM",,56.70
Ardmore,"2008 MC",8,60.50
Ardmore,"2008 WhB",7,55.90
Ardmore,"2011 C&S",4,60.80
Ardmore,"Traditional Cask",,46.00
Ardmore,25-year-old,25,51.40
Ardnamurchan,"2016 AD",,53.00
Ardnamurchan,"2017 AD",,53.60
Armorik,2012,4,46.00
Arran,"1995 MBl",21,50.30
Arran,"1996 ANHA",18,53.00
Arran,"1996 ANHA",18,55.00
Arran,"1996 C&S",17,53.40
Arran,"1996 JW",20,54.60
Arran,"1996 MBl",19,51.50
Arran,"1997 TWC",19,46.60
Arran,"2006 GM",,46.00
Arran,"21st Anniversary Limited Edition ",,52.60
Arran,"Fontalloro Finish",8,55.00
Arran,"Lochranza Reserve",,43.00
Arran,"Pomerol Bordeaux",8,50.00
Arran,"Port Cask Finish",0,50.00
Arran,"The Devil's Punch Bowl 3",,53.40
Arran,"The Exciseman",,56.80
Arran,12-year-old,12,53.20
Arran,12-year-old,12,53.60
Arran,17-year-old,17,46.00
Arran,18-year-old,18,46.00
Arran,1997,0,56.30
Arran,1997,12,46.00
Arran,1997,20,52.30
Arran,1998,,46.00
Arran,2004,10,56.20
Arran,2004,8,46.00
Arran,2006,6,56.40
Auchentoshan,"1989 CM",24,52.60
Auchentoshan,"1989 CM",24,54.10
Auchentoshan,"1991 C&S",22,53.10
Auchentoshan,"1992 AD",20,51.20
Auchentoshan,"1995 ANHA",17,54.80
Auchentoshan,"1995 WhB",17,56.10
Auchentoshan,"1998 SV",16,46.00
Auchentoshan,"1998 Wy",,46.00
Auchentoshan,"2001 LsD",11,46.00
Auchentoshan,10-year-old,10,40.00
Auchentoshan,1965,31,49.20
Auchentoshan,1966,31,48.80
Auchentoshan,1975,21,55.40
Auchentoshan,Select,,40.00
Auchentoshan,Select,0,40.00
Auchentoshan,Springwood,,40.00
Auchroisk,"1981 JW",30,54.30
Auchroisk,"1991 DR",21,56.60
Auchroisk,"1991 TWC",24,46.60
Auchroisk,"1998 C&S",13,57.30
Auchroisk,"1999 WCh",15,55.90
Auchroisk,"2010 TWC",7,52.50
Auchroisk,20-year-old,20,58.10
Aultmore,"1982 JW",30,53.20
Aultmore,"1991 SV",15,43.00
Aultmore,12-year-old,12,46.00
Ayrshire,"1975 Rare SV",37,48.20
Balblair,"10-year-old GM",10,40.00
Balblair,"1999 ",,46.00
Balblair,"Highland Malt",0,40.00
Balblair,1974,27,46.00
Balblair,1975,,46.00
Balblair,1990,,46.00
Balblair,2001,,46.00
Balblair,2002,,54.50
Balcones,Brimstone,,53.00
Ballantine's,"Christmas Reserve",,40.00
Ballechin,10-year-old,10,46.00
Ballechin,2004,12,55.60
Balmenach,"1989 GM",,43.00
Balmenach,"2002 DL",10,50.00
Balvenie,"12-year-old ",12,47.80
Balvenie,"14-year-old ",14,47.50
Balvenie,"Founder's Reserve",10,43.00
Balvenie,"Tun 1509",,47.10
Balvenie,12-year-old,12,47.80
Balvenie,17-year-old,17,43.00
Banff,"1975 MM",33,48.10
Bell's,12-year-old,12,40.00
Bell's,12-year-old,12,43.00
BenRiach,"15-year-old Dark Rum",15,46.00
BenRiach,"15-year-old Madeira ",15,46.00
BenRiach,"15-year-old Pedro Ximénez",15,46.00
BenRiach,"15-year-old Sauternes",15,46.00
BenRiach,"15-year-old Tawny Port",15,46.00
BenRiach,"16-year-old CA",16,46.00
BenRiach,"16-year-old Sauternes",16,46.00
BenRiach,"17-year-old Pedro Ximénez Finish",17,46.00
BenRiach,"18-year-old - Albariza",18,46.00
BenRiach,"18-year-old - Dunder",18,46.00
BenRiach,"18-year-old - Latada",18,46.00
BenRiach,"1977 ",37,43.20
BenRiach,"1977 ",37,48.30
BenRiach,"1978 ",36,41.70
BenRiach,"1981 GM",,40.00
BenRiach,"1990 ANHA",24,59.70
BenRiach,"1990 BD",24,52.30
BenRiach,"1990 LT",25,47.90
BenRiach,"1990 SMS",24,50.20
BenRiach,"1991 MoS",,51.60
BenRiach,"1995 ",20,51.80
BenRiach,"1996 MoS",18,52.20
BenRiach,"1997 JW",17,55.40
BenRiach,"1998 ",18,58.20
BenRiach,"1999 ",13,46.00
BenRiach,"1999 ",14,56.60
BenRiach,"2008 TWC",8,53.10
BenRiach,"21-year-old Tawny Port Finish",21,46.00
BenRiach,"Cask Strength - Batch 1 ",,57.20
BenRiach,"Septendecim ",17,46.00
BenRiach,10-year-old,10,43.00
BenRiach,17-year-old,17,50.00
BenRiach,1966,46,44.10
BenRiach,1976,39,53.80
BenRiach,1977,34,44.10
BenRiach,1977,36,54.90
BenRiach,1978,35,51.10
BenRiach,1986,29,51.00
BenRiach,1994,22,54.30
BenRiach,1995,18,53.50
BenRiach,1997,19,50.80
BenRiach,1998,16,53.40
BenRiach,1998,16,55.80
BenRiach,20-year-old,20,43.00
BenRiach,2000,12,53.30
BenRiach,2000,12,54.30
BenRiach,2005,10,58.10
BenRiach,2005,10,58.70
BenRiach,2005,12,58.80
BenRiach,25-year-old,25,50.00
BenRiach,Septendecim,17,46.00
Benrinnes,"1981 CC",16,43.00
Benrinnes,"1991 C&S",24,56.30
Benrinnes,"1991 CM",,56.30
Benrinnes,"1991 CM",23,55.10
Benrinnes,"1995 vW",18,46.00
Benrinnes,"1996 C&S",18,46.00
Benrinnes,"1997 MBl",19,50.20
Benrinnes,"2006 C&S",9,57.20
Benromach,"1968 HB",27,43.00
Benromach,21-year-old,21,43.00
Bladnoch,"1990 CM",23,57.00
Bladnoch,"1990 RK",,57.10
Bladnoch,"1990 Wy",,46.00
Bladnoch,"1992 DL",18,50.00
Bladnoch,10-year-old,10,43.00
Bladnoch,2001,11,55.00
Bowmore,"09-year-old DL",9,46.00
Bowmore,"100 Degrees Proof",,57.10
Bowmore,"1964 Black",29,50.00
Bowmore,"1970 SV",40,43.20
Bowmore,"1985 SV",25,53.50
Bowmore,"1989 TWA",23,53.10
Bowmore,"1990 JW",16,58.80
Bowmore,"1990 Wy",,46.00
Bowmore,"1996 C&S",17,55.50
Bowmore,"1996 JW",0,53.30
Bowmore,"1996 Wy",,46.00
Bowmore,"1996 Wy",,54.70
Bowmore,"1997 Wy",,46.00
Bowmore,"1998 VK",9,58.10
Bowmore,"1998 Wy",,46.00
Bowmore,"1999 AC",17,52.60
Bowmore,"2002 JW",,57.70
Bowmore,"2002 MoS",,56.80
Bowmore,"Black Rock",,40.00
Bowmore,"Gold Reef",,43.00
Bowmore,"Small Batch",,40.00
Bowmore,"The Devil's Casks - Small Batch Release III",,56.70
Bowmore,"Vault Edit1°N",,51.50
Bowmore,10-year-old,10,56.30
Bowmore,12-year-old,12,40.00
Bowmore,17-year-old,17,43.00
Bowmore,1988,21,51.50
Bowmore,1989,23,50.80
Bowmore,25-year-old,25,43.00
Bowmore,Enigma,12,40.00
Bowmore,Laimrig,15,53.70
Bowmore,Laimrig,15,54.10
Bowmore,Springtide,,54.90
Bowmore,Surf,0,40.00
Bowmore,Voyage,0,56.00
Braeval,"2001 LsD",12,46.00
Brora,"1972 GM",,40.00
Brora,"1982 GM",,46.00
Bruichladdich,"1988 HL",25,48.30
Bruichladdich,"1990 CM",22,48.60
Bruichladdich,"1990 MM",21,50.20
Bruichladdich,"1991 ANHA",22,55.90
Bruichladdich,"1991 C&S",21,51.50
Bruichladdich,"1991 UD",21,43.00
Bruichladdich,"1992 SV",21,46.00
Bruichladdich,"1992 Sherry Edition",17,46.00
Bruichladdich,"1992 Valinch",18,50.20
Bruichladdich,"1992 Wx",20,46.00
Bruichladdich,"1993 MBl",23,46.90
Bruichladdich,"20-year-old ",20,46.00
Bruichladdich,"2001 RBTW",14,61.30
Bruichladdich,"2002 MBl",14,54.90
Bruichladdich,"2003 RBTW",12,59.30
Bruichladdich,"2005 RBTW",10,64.00
Bruichladdich,"2006 MBl",10,54.70
Bruichladdich,"2006 WCh",10,59.10
Bruichladdich,"Black Art 04.1",23,49.20
Bruichladdich,"Bushman`s Smoke Choice",,46.00
Bruichladdich,"High Noon",,48.70
Bruichladdich,"The Classic Laddie",,50.00
Bruichladdich,"The Laddie Ten",10,46.00
Bruichladdich,"The Laddie Ten",10,50.00
Bruichladdich,10-year-old,10,40.00
Bruichladdich,15-year-old,15,46.00
Bruichladdich,1988,,50.00
Bruichladdich,1993,,52.60
Bruichladdich,20-year-old,20,46.00
Bruichladdich,2003,10,55.40
Bruichladdich,2007,,50.00
Bruichladdich,Links,16,46.00
Bunnahabhain,"08-year-old GM",8,43.00
Bunnahabhain,"13-year-old CA",13,46.00
Bunnahabhain,"1972 HMcD",40,44.60
Bunnahabhain,"1973 MM",34,46.10
Bunnahabhain,"1987 JW",,50.90
Bunnahabhain,"1987 Wy",,43.40
Bunnahabhain,"1987 Wy",,46.00
Bunnahabhain,"1988 DR",27,55.40
Bunnahabhain,"1988 Wy",,56.00
Bunnahabhain,"1989 C&S",23,41.40
Bunnahabhain,"1989 C&S",24,45.80
Bunnahabhain,"1989 CM",27,43.90
Bunnahabhain,"1989 WhB",23,43.70
Bunnahabhain,"1990 DR",23,56.80
Bunnahabhain,"1990 Sb",21,48.00
Bunnahabhain,"1990 Wy",,46.00
Bunnahabhain,"1991 BD",22,48.20
Bunnahabhain,"1991 CWC",22,47.80
Bunnahabhain,"1991 Wy",,46.00
Bunnahabhain,"1997 Wy",,46.00
Bunnahabhain,"1998 C&S",12,52.20
Bunnahabhain,"2001  MBl",12,51.40
Bunnahabhain,"2005 GM",,43.00
Bunnahabhain,"2005 SV",9,59.10
Bunnahabhain,"2008 SV Moine",6,58.90
Bunnahabhain,XVIII,18,46.30
Bunnahabhain,XXV,25,43.00
Bunnahabhain,XXV,25,46.30
Bushmills,21-year-old,21,40.00
Cambus,"1988 G&C",,47.80
Cambus,"1990 MBl",25,48.50
Cambus,"1991 BD",25,55.00
Cambus,"1991 TWB",24,55.30
Cambus,"1991 WCh",25,55.30
Cameronbridge,"1974 MM",33,48.30
Cardhu,12-year-old,12,43.00
Carsebridge,"1976 SV",40,52.80
Chequers,"12-year-old McE",12,40.00
Chieftain's,"2004 IM",9,49.40
Clontarf,"1014 - Classic Blend",,40.00
Clynelish,"1988 ED",23,50.00
Clynelish,"1995 Wy",,46.00
Clynelish,"1996 CM",19,55.40
Clynelish,"1996 SV",20,46.00
Clynelish,"1996 Sb",15,48.00
Clynelish,"1997 BD",16,51.20
Clynelish,"1997 KzB",0,54.10
Clynelish,"1997 MBl",19,51.20
Clynelish,"1997 TWC",19,52.70
Clynelish,"1997 Wy",,46.00
Clynelish,"1998 WD",14,53.90
Clynelish,1991,,46.00
Clynelish,1992,,46.00
Connemara,22-year-old,22,46.00
Cooley,"1993 MC",0,56.30
Cragganmore,"18-year-old CA",18,46.00
Cragganmore,"1989 Wy",,46.00
Cragganmore,"1991 MoM",20,54.20
Cragganmore,"1997 CM",14,46.00
Cragganmore,12-year-old,12,40.00
Cragganmore,1989,21,56.00
Cragganmore,1993,,40.00
Cragganmore,1996,,40.00
Cragganmore,1998,,40.00
Craigellachie,"1998 SV",12,43.00
Craigellachie,"2002 Wy",,46.00
Craigellachie,"2008 LsD",8,46.00
Craigellachie,13-year-old,13,46.00
Còmhlan,"1. BW",,56.30
Còmhlan,"1.2 BW",,56.80
Còmhlan,"1.3 BW",,56.60
Dailuaine,"1983 ANHA",27,56.40
Dailuaine,"1983 TMWC",32,46.10
Dailuaine,"1998 C&S",15,56.90
Dailuaine,"2001 Wy",,46.00
Dalmore,"1990 SV",20,59.10
Dalmore,"1990 SV",21,56.00
Dalmore,"Cigar Malt Reserve",,44.00
Dalmore,"King Alexander III",,40.00
Dalmore,12-year-old,12,43.00
Dalmore,15-year-old,15,40.00
Dalmore,25-year-old,25,42.00
Dalwhinnie,15-year-old,15,43.00
Dalwhinnie,1973,29,57.80
Dalwhinnie,1986,20,56.80
Dalwhinnie,1991,,43.00
Deanston,"1977 TI",33,43.00
Deanston,"1994 CA",19,56.40
Deanston,"1995 MBl",21,53.20
Deanston,"1997 WCh",16,52.70
Deanston,"Virgin Oak",,46.30
Deanston,10-year-old,10,57.50
Deanston,12-year-old,12,40.00
Deanston,18-year-old,18,46.30
Dewar's,"White Label",,40.00
Dimple,"Specially Selected and Matured",,40.00
Drumguish,"Single Highland Malt",,40.00
Dufftown,"1979 W&W",15,43.00
Dufftown,"2009 C&S",7,58.80
Edradour,"2000 SV",14,46.00
Edradour,"2004 SV",10,46.00
Edradour,"2004 SV",12,53.50
Fettercairn,"1988 ALOS",28,50.60
Fettercairn,"1989 CM",0,53.00
Fettercairn,"1990 JW",24,51.10
Fettercairn,"1995 ANHA",,58.30
Fettercairn,"2005 LsD",8,46.00
Fettercairn,"2006 WCh",10,55.20
Fettercairn,"2009 C&S",6,58.80
Finlaggan,"Cask Strength VM",,58.00
Fujikai,10-year-old,10,43.00
Garnheath,"1974 CM",41,50.80
Gerston,"NAS TLDC",,46.00
Girvan,"1988 ANHA",25,52.20
Glenallachie,"1992 CM",,46.00
Glenallachie,"2008 BD",8,62.50
Glenborrodale,"08-year-old AD",8,46.00
Glenburgie,"08-year-old GM",8,40.00
Glenburgie,"1983 HMcD",,57.30
Glenburgie,"1988 CM",0,46.00
Glenburgie,"1995 ANHA",20,54.30
Glenburgie,"1997 C&S",15,56.10
Glencadam,"14-year-old ",14,46.00
Glencadam,"2004 LsD",10,46.00
Glencadam,12-year-old,12,46.00
Glencadam,15-year-old,15,46.00
Glencadam,21-year-old,21,46.00
Glencraig,"1975 GM ",,40.00
Glendronach,"12-year-old ",12,46.00
Glendronach,"14-year-old Marsala Finish",14,46.00
Glendronach,"14-year-old Virgin Oak Finish",14,46.00
Glendronach,"16-year-old ",16,48.00
Glendronach,"18-year-old ",18,46.00
Glendronach,"18-year-old Allardice ",18,46.00
Glendronach,"18-year-old Allardice",18,46.00
Glendronach,"1990 CA",23,49.50
Glendronach,"1994 Octaves",20,48.00
Glendronach,"1995 ",19,57.20
Glendronach,"20-year-old Tawny Port",20,46.00
Glendronach,"Cask Strength ",,55.30
Glendronach,"Cask Strength",,54.70
Glendronach,"Cask Strength",,54.90
Glendronach,"Cask Strength",,55.20
Glendronach,"Cask Strength",,56.10
Glendronach,"The Doric",,50.00
Glendronach,"The Hielan'",8,46.00
Glendronach,09-year-old,9,48.00
Glendronach,10-year-old,10,48.00
Glendronach,12-year-old,12,46.00
Glendronach,15-year-old,15,46.00
Glendronach,16-year-old,16,48.00
Glendronach,18-year-old,18,46.00
Glendronach,19-year-old,19,46.00
Glendronach,1968,44,48.60
Glendronach,1968,47,45.90
Glendronach,1990,25,51.60
Glendronach,1990,27,53.40
Glendronach,1991,24,53.10
Glendronach,1992,22,59.40
Glendronach,1992,23,52.00
Glendronach,1992,25,57.00
Glendronach,1992,25,58.50
Glendronach,1993,,58.60
Glendronach,1993,18,56.10
Glendronach,1993,21,55.80
Glendronach,1994,19,53.80
Glendronach,1994,21,53.10
Glendronach,1995,18,54.60
Glendronach,1995,18,55.10
Glendronach,1995,19,54.00
Glendronach,1995,20,48.60
Glendronach,1995,20,53.80
Glendronach,1995,20,54.60
Glendronach,1996,17,52.90
Glendronach,1996,17,53.00
Glendronach,1996,18,54.10
Glendronach,1996,18,55.30
Glendronach,2002,11,53.70
Glendronach,2002,11,53.90
Glendronach,2002,11,56.50
Glendronach,2002,13,54.80
Glendronach,2002,14,55.50
Glendronach,2003,12,53.30
Glendronach,2003,12,53.40
Glendronach,2003,13,52.50
Glendronach,2003,13,55.60
Glendronach,2004,,55.20
Glendronach,2004,12,57.30
Glendronach,2004,12,58.30
Glendronach,25-year-old,25,50.30
Glendronach,25-year-old,25,50.60
Glendronach,Octarine,8,46.00
Glendronach,Original,12,43.00
Glendronach,Parliament,21,48.00
Glendronach,Peated,,46.00
Glendullan,1978,26,56.60
Glenesk,"1984 CC",31,50.00
Glenfarclas,"1978 Edition N&deg;6",21,59.80
Glenfarclas,"1988 Edition N°20",,46.00
Glenfarclas,"1989 Edition N°18",24,46.00
Glenfarclas,"1990 Edition N°17",23,46.00
Glenfarclas,"1990 Edition N°19",24,46.00
Glenfarclas,"1990 Edition N°21",,46.00
Glenfarclas,"1994 Family Reserve",15,46.00
Glenfarclas,"2004 for ANHA",11,62.30
Glenfarclas,10-year-old,10,40.00
Glenfarclas,105,,60.00
Glenfarclas,12-year-old,12,43.00
Glenfarclas,18-year-old,18,43.00
Glenfarclas,1967,42,40.70
Glenfarclas,1968,41,49.70
Glenfarclas,1968,43,47.50
Glenfarclas,1969,,43.00
Glenfarclas,1971,40,52.00
Glenfarclas,1973,,51.40
Glenfarclas,1977,24,43.00
Glenfarclas,1980,32,45.70
Glenfarclas,1980,32,48.10
Glenfarclas,1980,33,45.30
Glenfarclas,1982,17,46.00
Glenfarclas,1985,,45.40
Glenfarclas,1989,14,43.00
Glenfarclas,1989,24,46.00
Glenfarclas,1989,26,46.00
Glenfarclas,1990,24,46.00
Glenfarclas,1991,,46.00
Glenfarclas,1993,,46.00
Glenfarclas,1993,16,46.00
Glenfarclas,1993,19,46.00
Glenfarclas,1995,18,46.00
Glenfarclas,1996,,46.00
Glenfarclas,1996,12,46.00
Glenfarclas,1996,14,46.00
Glenfarclas,1999,14,59.90
Glenfarclas,2000,,46.00
Glenfarclas,2000,13,58.50
Glenfarclas,2003,8,46.00
Glenfarclas,2004,,46.00
Glenfarclas,2004,,59.80
Glenfarclas,2007,,46.00
Glenfarclas,21-year-old,21,43.00
Glenfarclas,25-year-old,25,43.00
Glenfarclas,40-year-old,40,46.00
Glenfarclas,50-year-old,50,41.10
Glenfarclas,Heritage,,40.00
Glenfarclas,Passion,,46.00
Glenfarclas,Springs,,46.00
Glenfarclas,Team,,46.00
Glenfarclas,£511.19s.0d,,43.00
Glenfiddich,"125th Anniversary Edition",,43.00
Glenfiddich,"Ancient Reserve",18,40.00
Glenfiddich,"Rich Oak",14,40.00
Glenfiddich,"Select Cask",,40.00
Glenfiddich,"Solera Reserve",15,43.00
Glenfiddich,"Special Old Reserve",,43.00
Glenfiddich,15-year-old,15,40.00
Glenfiddich,18-year-old,18,40.00
Glenfiddich,19-year-old,19,40.00
Glenfiddich,21-year-old,21,40.00
Glenfiddich,30-year-old,30,40.00
Glenglassaugh,"1968 - The Manager's Legacy ",41,44.90
Glenglassaugh,"1972 C&S",40,43.10
Glenglassaugh,"1973 TMWC",40,41.50
Glenglassaugh,"1973 TMWC",41,43.90
Glenglassaugh,"1976 AW",34,45.90
Glenglassaugh,"1976 Ronnie Routledge",35,49.60
Glenglassaugh,"1976 SV",30,45.30
Glenglassaugh,"1978 Mhairi McDonald",33,46.30
Glenglassaugh,"1978 WF",27,56.80
Glenglassaugh,"1979 SV",32,43.00
Glenglassaugh,"1984 DL",25,50.00
Glenglassaugh,"1984 SMWS 21.18",15,54.50
Glenglassaugh,"1986 GM",,40.00
Glenglassaugh,"1986 GM",,46.00
Glenglassaugh,"1986 The Manager's Legacy",,45.30
Glenglassaugh,"2009 ",6,60.70
Glenglassaugh,"2010 ANHA",,54.10
Glenglassaugh,"2011 UD",5,57.00
Glenglassaugh,"2011 UD",5,59.50
Glenglassaugh,"2012 UD",5,58.60
Glenglassaugh,"2013 WhB",4,59.60
Glenglassaugh,"Spirit Drink ",0,50.00
Glenglassaugh,1963,51,41.70
Glenglassaugh,1966,45,49.20
Glenglassaugh,1967,45,50.20
Glenglassaugh,1968,45,44.30
Glenglassaugh,1972,38,59.10
Glenglassaugh,1972,39,53.30
Glenglassaugh,1972,41,50.60
Glenglassaugh,1973,39,44.10
Glenglassaugh,1973,40,52.10
Glenglassaugh,1973,41,44.50
Glenglassaugh,1975,36,43.00
Glenglassaugh,1975,38,40.70
Glenglassaugh,1975,38,42.40
Glenglassaugh,1976,34,45.90
Glenglassaugh,1976,36,49.20
Glenglassaugh,1978,33,44.80
Glenglassaugh,1978,35,41.60
Glenglassaugh,1978,35,41.70
Glenglassaugh,1978,35,42.90
Glenglassaugh,1978,36,41.90
Glenglassaugh,1983,28,49.60
Glenglassaugh,2009,,46.00
Glenglassaugh,26-year-old,26,46.00
Glenglassaugh,30-year-old,30,44.80
Glenglassaugh,40-year-old,40,42.50
Glenglassaugh,Evolution,,50.00
Glenglassaugh,Evolution,3,57.20
Glenglassaugh,Revival,,46.00
Glengoyne,"1972 MoS",,45.20
Glengoyne,"1998 MoS",,58.20
Glengoyne,"2007 LsD",7,46.00
Glengoyne,18-year-old,18,43.00
Glengoyne,Burnfoot,0,40.00
Glenisla,"1977 SV",36,43.30
Glenkinchie,10-year-old,10,43.00
Glenkinchie,12-year-old,12,43.00
Glenkinchie,1989,,43.00
Glenkinchie,1992,,43.00
Glenkinchie,1996,,43.00
Glenleven,12-year-old,12,43.00
Glenlivet,"1948 GM",,43.00
Glenlivet,"1977 MM",33,47.70
Glenlivet,"1996 SV",18,46.00
Glenlivet,"1996 SV",19,46.00
Glenlivet,"21-year-old - Archive",21,43.00
Glenlivet,"Nàdurra - Triumph",,48.00
Glenlivet,"The Master Distiller's Reserve",,40.00
Glenlivet,12-year-old,12,40.00
Glenlivet,15-year-old,15,40.00
Glenlivet,18-year-old,18,43.00
Glenlivet,21-year-old,21,43.00
Glenlivet,Nàdurra,16,48.00
Glenlivet,Nàdurra,16,56.90
Glenlossie,"1966 CA",48,43.50
Glenlossie,"1997 MT",18,54.50
Glenlossie,"1997 TWC",19,54.20
Glenmorangie,"Artisan Cask",10,46.00
Glenmorangie,"Astar ",,52.50
Glenmorangie,"Burgundy Wood Finish",,43.00
Glenmorangie,"Côte de Beaune",12,46.00
Glenmorangie,"Margaux Cask Finish",18,46.00
Glenmorangie,"Nectar d'Òr",,46.00
Glenmorangie,"Nectar d'Òr",12,46.00
Glenmorangie,"Special Reserve",0,43.00
Glenmorangie,"The Original",10,40.00
Glenmorangie,"The Taghta",,46.00
Glenmorangie,"Traditional 100° Proof",10,57.20
Glenmorangie,10-year-old,10,40.00
Glenmorangie,18-year-old,18,43.00
Glenmorangie,1982,10,58.80
Glenmorangie,1982,10,59.60
Glenmorangie,1990,,43.00
Glenmorangie,30-year-old,30,43.00
Glenmorangie,Dornoch,,43.00
Glenmorangie,Finealta,,46.00
Glenmorangie,Milsean,,46.00
Glenmorangie,Signet,,46.00
Glenmorangie,Tùsail,,46.00
Glenrothes,"1970 DT",41,43.50
Glenrothes,"1986 TWC ",30,53.90
Glenrothes,"1988 ANHA",26,53.40
Glenrothes,"1988 Wy",,46.00
Glenrothes,"1988 Wy",0,46.00
Glenrothes,"1988 Wy",25,46.00
Glenrothes,"1990 Sb",21,53.50
Glenrothes,"1992 ANHA",20,49.40
Glenrothes,"1992 DT",21,48.80
Glenrothes,"1993 Wy",,46.00
Glenrothes,"1996 WCh",20,53.10
Glenrothes,"1996 Wy",,46.00
Glenrothes,"1997 ANHA",19,55.30
Glenrothes,"1997 BD",17,50.50
Glenrothes,"1997 Wy",,46.00
Glenrothes,"Oldest Reserve",30,43.00
Glentauchers,"1979 GM",,40.00
Glentauchers,"1996 C&S",17,57.00
Glentauchers,"2008 TWC",8,58.40
Glenturret,"1988 GM",,40.00
Glenturret,"1992 SV",14,43.00
Glenturret,"1993 SV",20,43.00
Glenturret,12-year-old,12,40.00
Grant's,"Distillery Edition",,50.00
Grant's,18-year-old,18,40.00
Haig,"Blended Scotch Whisky",,43.00
Hakushu,12-year-old,12,43.00
Hakushu,18-year-old,18,43.00
Hanyu,1988,21,55.60
Hazelburn,"Rundlets & Kilderkins",10,50.10
Hazelburn,10-year-old,10,46.00
Hazelburn,12-year-old,12,46.00
Hazelburn,2003,13,47.10
Hazelburn,2007,9,57.90
Hibiki,"Japanese Harmony",,43.00
Hibiki,12-year-old,12,43.00
Hibiki,17-year-old,17,43.00
Hibiki,21-year-old,21,43.00
Hibiki,30-year-old,30,43.00
Hyde,10-year-old,10,46.00
Imperial,"1994 GM",0,43.00
Imperial,"1995 JW",15,52.70
Imperial,"1995 SV",18,46.00
Inchgower,"1980 BD",35,47.60
Inchgower,"1980 MC",,53.90
Inchgower,14-year-old,14,43.00
Inchmurrin,"1989 SV",17,43.00
Inchmurrin,10-year-old,10,40.00
Inchmurrin,12-year-old,12,40.00
Inchmurrin,18-year-old,18,46.00
Inchmurrin,1966,,40.00
Inchmurrin,1966,30,40.00
Inchmurrin,21-year-old,21,46.00
Invergordon,"1965 DT",42,51.60
Invergordon,"1965 DT",42,52.90
Invergordon,"1965 DT",43,51.60
Invergordon,"1965 DT",45,50.20
Invergordon,"1972 DT",38,42.10
Invergordon,"1972 MT",,49.30
Invergordon,"1972 Sb",40,40.50
Invergordon,"1984 CWC",30,57.10
Invergordon,"1988 DR",25,52.80
Invergordon,"1988 Wy",,46.00
Invergordon,"1991 BD",23,51.20
Invergordon,"1991 BD",25,58.70
Invergordon,"1991 MrW",24,55.80
Invergordon,"1997 Wy",0,46.00
J&B,15-year-old,15,40.00
J&B,Rare,,40.00
Jameson,"Gold Reserve",,40.00
Jameson,"Signature Reserve",,40.00
Jameson,"St. Patrick's Day Limited Edition",,40.00
Jameson,"St. Patrick's Day",,40.00
Kavalan,"A&M Dekanter Set - Amontillado",,55.60
Kavalan,"A&M Dekanter Set - Manzanilla",,57.80
Kavalan,"King Car Whisky",,46.00
Kavalan,"Sherry Oak",,46.00
Kavalan,"Single Malt Whisky",,40.00
Kavalan,"Solist ",,58.60
Kavalan,"ex-Bourbon Oak",,46.00
Kavalan,Podium,,46.00
Kavalan,Solist,,50.80
Kavalan,Solist,,51.60
Kavalan,Solist,,56.30
Kavalan,Solist,,56.90
Kavalan,Solist,,57.10
Kavalan,Solist,,57.80
Kavalan,Solist,,58.60
Kavalan,Solist,,59.40
Kilchoman,"100% Islay",,50.00
Kilchoman,"100% Islay",5,50.00
Kilchoman,"2009 100% Islay Small Batch",5,60.70
Kilchoman,"2009 Inaugural Release",3,46.00
Kilchoman,"2011 ",,55.00
Kilchoman,"Loch Gorm ",5,46.00
Kilchoman,"Loch Gorm",,46.00
Kilchoman,"Machir Bay 2014",,46.00
Kilchoman,"Machir Bay 2016",,46.00
Kilchoman,"Original Cask Strength",6,56.90
Kilchoman,"Sherry Cask Release",5,46.00
Kilchoman,2006,10,57.00
Kilchoman,2007,,55.40
Kilchoman,2008,,46.00
Kilchoman,2009,5,59.20
Kilchoman,2011,4,50.00
Kilchoman,2011,4,58.20
Kilchoman,2011,5,50.00
Kilchoman,Sanaig,,46.00
Kilkerran,"2004 Madeira",10,46.00
Kilkerran,"Work in Progress",,46.00
Kilkerran,09-year-old,9,58.30
Kilkerran,10-year-old,10,60.20
Kilkerran,12-year-old,12,46.00
Kilkerran,2007,8,61.00
Kininvie,1996,17,42.60
Knockando,1994,18,43.00
Knockdhu,23-year-old,23,57.40
Lagavulin,"16-year-old ",16,43.00
Lagavulin,"Triple Matured Edition",,48.00
Lagavulin,08-year-old,8,48.00
Lagavulin,12-year-old,12,55.10
Lagavulin,16-year-old,16,43.00
Lagavulin,1989,,43.00
Lagavulin,1993,,43.00
Lagavulin,1995,,43.00
Lagavulin,1997,,43.00
Lagavulin,1998,,43.00
Lagavulin,1999,,43.00
Lagavulin,2000,,43.00
Laphroaig,"1987 SS",22,46.00
Laphroaig,"1990 HB",22,46.00
Laphroaig,"1991 vW",15,57.20
Laphroaig,"1994 CC ",21,46.00
Laphroaig,"1997 SV",18,54.40
Laphroaig,"1998 ANHA",16,51.20
Laphroaig,"1998 LMDW",15,60.10
Laphroaig,"1998 SV",15,46.00
Laphroaig,"1999 SV",7,46.00
Laphroaig,"2001 DL Fèis Ìle 2015",14,48.40
Laphroaig,"2002 LsD",11,46.00
Laphroaig,"2006 MT",7,54.90
Laphroaig,"Cask Strength",10,56.30
Laphroaig,"Cask Strength",10,58.00
Laphroaig,"Cask Strength",10,59.20
Laphroaig,"PX Cask",,48.00
Laphroaig,"QA Cask",,40.00
Laphroaig,"Quarter Cask",,48.00
Laphroaig,10-year-old,,40.00
Laphroaig,10-year-old,10,40.00
Laphroaig,15-year-old,15,43.00
Laphroaig,18-year-old,18,48.00
Laphroaig,1991,23,52.60
Laphroaig,21-year-old,21,48.40
Laphroaig,25-year-old,25,40.00
Laphroaig,25-year-old,25,46.80
Laphroaig,27-year-old,27,41.70
Laphroaig,30-year-old,30,43.00
Laphroaig,30-year-old,30,53.50
Laphroaig,32-year-old,32,46.60
Laphroaig,40-year-old,40,42.40
Laphroaig,Brodir,,48.00
Laphroaig,Cairdeas,,51.40
Laphroaig,Cairdeas,,51.50
Laphroaig,Cairdeas,,51.60
Laphroaig,Càirdeas,,55.00
Laphroaig,Càirdeas,12,57.50
Laphroaig,Lore,,48.00
Laphroaig,Select,,40.00
Ledaig,"1993 DL",21,50.90
Ledaig,"1993 GM",,45.00
Ledaig,"1997 C&S",17,50.90
Ledaig,"1997 CA",19,53.90
Ledaig,"1998 C&S",16,57.50
Ledaig,"2005 ANHA",8,52.80
Ledaig,"2005 BD",10,51.20
Ledaig,"2005 C&S",8,46.00
Ledaig,"2005 SV",11,57.30
Ledaig,"2008 TWC",8,57.30
Ledaig,"2010 SV",6,46.00
Ledaig,11-year-old,11,58.20
Ledaig,18-year-old,18,46.30
Liddesdale,"Release No. 8 AD",21,46.00
Linkwood,"1969 GM",0,43.00
Linkwood,"1973 SV",32,51.10
Linkwood,"1981 MM",13,46.00
Linkwood,"1988 CM",24,53.20
Linkwood,"1988 CM",26,50.70
Linkwood,"1989 AD",18,55.60
Linkwood,"1992 Wy",,46.00
Linkwood,"1997 IM",15,44.60
Linkwood,"1997 MT",19,51.20
Linkwood,"1998 WW8",15,56.00
Linkwood,"1999 IS&m",12,61.40
Linkwood,"2001 BD",14,55.90
Linkwood,"2005 WCh",10,59.30
Linkwood,1974,30,54.90
Linkwood,1975,26,56.10
Linlithgow,"1975 SV",22,51.70
Littlemill,"1984 Wx",31,48.50
Littlemill,"1985 CC",28,46.00
Littlemill,"1988 BR",25,46.00
Littlemill,"1988 KzB",,54.90
Littlemill,"1988 LT",26,52.70
Littlemill,"1989 KzB",,58.10
Littlemill,"1989 WD",24,51.70
Littlemill,"1990 BR",22,46.00
Littlemill,"1990 DT",22,53.50
Littlemill,"1991 GM",,45.50
Littlemill,"1991 GM",,46.00
Littlemill,"1992 BR",21,53.20
Littlemill,"1992 HB",16,46.00
Littlemill,"1992 HB",21,53.00
Littlemill,"1992 IM",22,50.70
Littlemill,"1992 JW",,49.10
Littlemill,"1992 KzB",,57.00
Littlemill,21-year-old,21,46.00
Lochside,"1981 BR",0,43.00
Lochside,"1981 TI",29,50.50
Longmorn,"1987 CA",26,49.50
Longmorn,"1988 CM",24,54.90
Longmorn,"1990 AD",25,57.20
Longmorn,"1990 CA",10,62.90
Longmorn,"1990 SV",24,55.40
Longmorn,"1991 CM",23,57.40
Longmorn,"1991 DL",21,50.00
Longmorn,"1992 ANHA",21,58.30
Longmorn,"1992 DR",21,48.00
Longmorn,"1992 JW",21,54.30
Longmorn,"1992 QM",21,56.20
Longmorn,"1992 WCh",20,59.90
Longmorn,"1992 Wx",20,59.00
Longmorn,"1993 DL",21,51.50
Longmorn,"1996 SV",17,43.00
Longmorn,"2003 LsD",11,46.00
Longmorn,16-year-old,16,48.00
Longrow,"2000 ",7,55.80
Longrow,10-year-old,10,46.00
Longrow,11-year-old,11,51.80
Longrow,12-year-old,12,52.90
Longrow,13-year-old,13,51.30
Longrow,1996,16,56.10
MacPhail's,"08-year-old GM",8,40.00
MacPhail's,"1992 GM",,40.00
MacPhail's,"25-year-old GM",25,40.00
MacPhail's,"40-year-old GM",40,40.00
MacPhail's,"Royal Golden Wedding Anniversary",,40.00
Macallan,"1851 Inspiration",0,41.30
Macallan,"1965 SV",35,50.50
Macallan,"1968 MM",34,40.20
Macallan,"1969 MM",35,40.30
Macallan,"1969 MM",36,41.00
Macallan,"1971 GM",38,43.00
Macallan,"1972 GM",,43.00
Macallan,"1978 DL",25,50.00
Macallan,"1980 JW",30,49.60
Macallan,"1987 CM",28,43.20
Macallan,"1988 McG",11,43.00
Macallan,"1988 SS",22,56.70
Macallan,"1989 ANHA",24,54.40
Macallan,"1989 CpB",,41.00
Macallan,"1989 JW",0,52.40
Macallan,"1989 LMDW ",25,54.70
Macallan,"1989 MBl",21,46.00
Macallan,"1989 SV",27,64.60
Macallan,"1989 Sb",,51.40
Macallan,"1989 WM",20,46.00
Macallan,"1990 GM",0,43.00
Macallan,"1990 LMDW",,49.20
Macallan,"1991 GM",22,43.00
Macallan,"1993 DL",18,56.00
Macallan,"1996 DT",10,46.00
Macallan,"1998 GM",,43.00
Macallan,"2001 GM",9,43.00
Macallan,"2005 GM",,43.00
Macallan,"Cask Strength",10,58.60
Macallan,"Masters' Edition",,40.00
Macallan,"Masters' Edition",,42.80
Macallan,"Rare Cask Black",,48.00
Macallan,"Replica 1841",0,41.70
Macallan,"Replica 1876",0,40.60
Macallan,"Select Oak",,40.00
Macallan,"Whisky Maker's Selection",,42.80
Macallan,07-year-old,7,40.00
Macallan,10-year-old,10,40.00
Macallan,10-year-old,10,57.00
Macallan,12-year-old,12,40.00
Macallan,18-year-old,18,43.00
Macallan,1946,52,40.00
Macallan,1966,25,43.00
Macallan,1974,25,43.00
Macallan,1975,18,43.00
Macallan,1976,18,43.00
Macallan,1991,18,43.00
Macallan,1993,18,43.00
Macallan,21-year-old,21,43.00
Macallan,Elegancia,12,40.00
Macallan,Oscuro,,46.50
Macduff,"1968 DT",38,45.40
Macduff,"1980 HMcD",35,49.10
Macduff,"1983 C&S",25,56.80
Macduff,"1990 DL",21,50.00
Macduff,"1991 C&S",22,54.90
Macduff,"2000 DR",9,61.10
Macduff,"2006 WCh",9,56.80
Macduff,"2007 TWC ",9,64.50
Macduff,"2007 TWC ",9,65.80
Macduff,"2008 C&S",8,65.40
Mackinlay's,"Shackleton's Journey Rare Old Highland Malt",,47.30
Mackinlay's,"Shackleton's The Discovery Edition ",,47.30
Mackmyra,"Big Daddy",,53.50
Mackmyra,"Gravity: Eld Och Aska WiW",5,55.10
Mackmyra,"Gravity: Rök Och Jord WiW",3,56.60
Mackmyra,"Levande Reserve",,54.70
Mackmyra,"Moment Fenix",,45.50
Mackmyra,"Moment Jakt",,48.10
Mackmyra,"Moment Ledin",,48.00
Mackmyra,"Moment Malström",,46.40
Mackmyra,"Moment Mareld",0,52.20
Mackmyra,"Moment Morgondagg",0,51.10
Mackmyra,"Moment Skog",0,52.40
Mackmyra,"Moment Tolv",12,47.00
Mackmyra,"Moment Vintage",10,48.60
Mackmyra,"Moment Vinterträdgård",7,48.40
Mackmyra,"Moment XVI ",7,48.00
Mackmyra,"Motörhead XXXX Whisky",,40.00
Mackmyra,"Motörhead XXXX Whisky",5,40.00
Mackmyra,"Special 06",0,46.80
Mackmyra,"Special 07",,45.80
Mackmyra,"Special 08",,46.00
Mackmyra,"Special 10",0,46.10
Mackmyra,"Svensk Ek",,46.10
Mackmyra,"Svensk Rök",,46.10
Mackmyra,"Sweden Rock 2017",,40.00
Mackmyra,"The First Edition",,46.10
Mackmyra,"The First Edition",0,46.10
Mackmyra,"Vit Hund",0,46.10
Mackmyra,10-year-old,10,46.10
Mackmyra,Abraham,,54.20
Mackmyra,Benjamin,,54.10
Mackmyra,Blomstertid,,46.10
Mackmyra,Bruks,0,41.40
Mackmyra,Brukswhisky,,41.40
Mackmyra,Iskristall,,46.10
Mackmyra,MACK,,40.00
Mackmyra,Midnattssol,,46.10
Mackmyra,Midvinter,,46.10
Mackmyra,Vinterdröm,,46.10
Mackmyra,Vinterrök,,46.10
Mannochmore,"1988 ALOS",28,47.90
Mannochmore,"1991 SV",14,43.00
Mannochmore,"1991 SV",15,43.00
Mannochmore,"Loch Dhu",10,40.00
Mannochmore,1990,25,53.40
Marder,05-year-old,5,55.80
Marder,2011,3,43.00
Miltonduff,"1986 IM",27,46.00
Miltonduff,"1989 CM",22,55.30
Miltonduff,"1995 IS&m",19,57.60
Miltonduff,"1995 TMWC",20,56.80
Miltonduff,"1995 W-F",18,51.20
Miltonduff,"1998 C&S",13,59.90
Miltonduff,"1998 CM",0,46.00
Miltonduff,"2006 WCh",10,59.40
Miltonduff,"2006 WCh",11,56.90
Miltonduff,"2006 WCh",9,59.60
Miltonduff,"2007 LsD",7,46.00
Miltonduff,"2008 C&S",7,60.30
Miltonduff,"The Lynx",,65.50
Miltonduff,12-year-old,12,43.00
Mortlach,"1954 GM",58,43.00
Mortlach,"1990 SV",20,57.90
Mortlach,"1995 C&S",18,56.20
Mortlach,"1995 CM",18,53.50
Mortlach,"1995 SV",18,46.00
Mortlach,"1995 Wy",,46.00
Mortlach,"1997 HeHi",16,57.50
Mortlach,"1997 WhB",16,52.30
Mortlach,"2004 LsD",9,46.00
Mortlach,"2008 SV",8,59.00
Mortlach,"Rare Old",,43.40
Mortlach,16-year-old,16,43.00
Mosstowie,"1979 SV",32,51.50
Mosstowie,"1979 SV",35,48.10
Nikka,"17-year-old - Ceramic",17,43.00
Nikka,"The Blend of Nikka",,45.00
Nikka,Super,,43.00
Oban,1992,,43.00
Oban,2000,8,58.70
Octomore,"2007 RBTW",6,63.40
Octomore,"2007 RBTW",6,64.50
Octomore,"2008 RBTW",6,64.10
Octomore,"Edition 04.2 / 4_167",5,61.00
Octomore,"Edition 06.1 / 167",5,57.00
Octomore,"Edition 06.2 / 167",5,58.20
Octomore,"Edition 07.1 / 208",5,59.50
Octomore,"Edition 07.2 / 208",5,58.50
Octomore,"Edition 07.4 / 167",7,61.20
Octomore,"Masterclass_08.1 / 167 PPM",8,59.30
Octomore,"Masterclass_08.3 / 309 PPM",5,61.20
Octomore,10-year-old,10,57.30
Octomore,Epione,6,50.00
Octomore,Meleager,6,46.00
Palatinatus,2011,,45.00
Passport,"Blended Scotch Whisky",,40.00
Penderyn,"125th Anniversary of the Welsh Rugby Union",,50.00
Pfanner,2011,,56.50
Portside,"1989 ANHA",25,55.30
Portsoy,"2009 TMWC",5,59.30
Powers,"Gold Label",,40.00
Puni,Alba,2,43.00
Redbreast,21-year-old,21,46.00
Rosebank,"1990 GM",,46.00
Rosebank,1990,21,53.80
Sandend,"2012 WCh",,60.50
Sazerac,18-year-old,18,45.00
Scallywag,"Cask Strength DL",,53.60
Scapa,16-year-old,16,40.00
Shinshu,2013,3,55.00
Sild,2013,3,48.00
Slyrs,"51 Fifty-One",,51.00
Slyrs,"Amontillado Faß",,46.00
Slyrs,"Marsala Faß",,46.00
Slyrs,"Oloroso Faß ",,46.00
Slyrs,"Pedro Ximénez Faß",,46.00
Slyrs,"Pedro Ximénez Faß",3,46.00
Slyrs,"Port Faß ",4,46.00
Slyrs,"Port Faß",4,46.00
Slyrs,"Raritas Diaboli",,62.20
Slyrs,"Sauternes Faß ",,46.00
Slyrs,12-year-old,12,43.00
Slyrs,2007,3,43.00
Slyrs,2009,3,43.00
Slyrs,2010,3,56.60
Slyrs,2011,3,43.00
Slyrs,2011,3,54.80
Slyrs,2012,4,56.40
Slyrs,Classic,,43.00
Smokehead,"06-year-old IM",6,43.00
Smokehead,"The Rock Edition IM",,43.00
Speyburn,10-year-old,10,43.00
Springbank,"11-year-old CA",11,46.00
Springbank,"12-year-old ",12,53.20
Springbank,"12-year-old ",12,54.10
Springbank,"12-year-old ",12,54.20
Springbank,"12-year-old Burgundy",12,53.50
Springbank,"175th Anniversary",12,46.00
Springbank,"1993 DL",21,51.40
Springbank,"1993 MC",20,58.90
Springbank,"1997 CA",19,58.80
Springbank,"22-year-old ANHA",22,58.00
Springbank,"Rundlets & Kilderkins",10,49.40
Springbank,12-year-old,12,52.30
Springbank,12-year-old,12,53.80
Springbank,12-year-old,12,56.30
Springbank,12-year-old,12,58.30
Springbank,13-year-old,13,46.00
Springbank,15-year-old,15,46.00
Springbank,16-year-old,16,54.30
Springbank,17-year-old,17,52.30
Springbank,18-year-old,18,46.00
Springbank,1993,21,55.70
Springbank,1996,18,56.10
Springbank,1998,15,58.10
Springbank,2000,15,50.90
Springbank,2002,14,55.80
Springbank,2006,11,53.10
Springbank,21-year-old,21,46.00
Springbank,21-year-old,21,47.50
Springbank,25-year-old,25,46.00
Springbank,32-year-old,32,46.00
Strathclyde,"1965 CM",41,41.20
Strathclyde,"1991 MBl",24,54.50
Stratheden,"NAS TLDC",,46.00
Strathisla,"1953 GM",,43.00
Strathisla,"1967 GM",,43.00
Strathisla,"1972 GM",,43.00
Strathmill,"1990 ANHA",,55.60
Strathmill,"1990 C&S",24,54.80
Strathmill,"1990 CM",0,46.00
Strathmill,"1990 WCh",22,53.20
Strathmill,"1992 C&S",21,56.70
Stronachie,"10-year-old DR",10,43.00
Stronachie,"18-year-old DR",18,46.00
Taketsuru,12-year-old,12,40.00
Taketsuru,17-year-old,17,43.00
Taketsuru,21-year-old,21,43.00
Talisker,"175th Anniversary",,45.80
Talisker,"1992 ",,45.80
Talisker,"2008 DL",5,50.70
Talisker,"2008 LsD",6,46.00
Talisker,"2009 LsD",5,46.00
Talisker,"57° North",,57.00
Talisker,"Dark Storm",,45.80
Talisker,"Friends of the Classic Malts",,48.00
Talisker,10-year-old,10,45.80
Talisker,18-year-old,18,45.80
Talisker,1985,27,56.10
Talisker,1988,,45.80
Talisker,25-year-old,25,54.20
Talisker,25-year-old,25,56.90
Talisker,25-year-old,25,57.20
Talisker,25-year-old,25,57.80
Talisker,25-year-old,25,58.10
Talisker,30-year-old,30,45.80
Talisker,30-year-old,30,49.50
Talisker,35-year-old,35,54.60
Talisker,Storm,,45.80
Tamdhu,"08-year-old GM",8,40.00
Tamdhu,"1988 Sb",23,48.00
Tamdhu,"1989 CA",10,58.90
Tamdhu,"1989 CM",,46.00
Tamdhu,"1990 AW",18,60.20
Tamdhu,"1991 CM",0,46.00
Tamdhu,"2001 LsD",12,46.00
Tamdhu,10-year-old,10,43.00
Tamdhu,25-year-old,25,43.00
Tamdhu,NAS,0,40.00
Tamnavulin,"1991 CM",24,50.60
Tamnavulin,"40-year-old SMS",40,40.40
Teacher's,"Highland Cream",,40.00
Teacher's,Origin,,40.00
Teaninich,"1971 DL",36,50.00
Teaninich,"1973 CM",40,54.00
Teeling,"21-year-old ",21,46.00
Teeling,"Single Malt ",,46.00
Teeling,2002,13,46.00
Teeling,21-year-old,21,46.00
Tobermory,"1994 ANHA",19,53.50
Tobermory,"1995 MBl",20,49.20
Tobermory,"1995 MBl",21,50.90
Tomatin,"1967 MM",40,47.70
Tomatin,"1987 CM",27,46.30
Tomatin,"1991 C&S",21,55.70
Tomatin,"1993 MoS",20,46.00
Tomatin,"1997 JM",16,56.40
Tomatin,"2006 WCh",11,56.30
Tomatin,"Cù Bòcan",,46.00
Tomatin,12-year-old,12,43.00
Tomatin,18-year-old,18,46.00
Tomatin,2002,12,46.00
Tomatin,Legacy,,43.00
Tomintoul,"1967 MM",48,40.10
Tomintoul,"1967 TI",43,49.30
Tomintoul,"1985 CA",30,50.70
Tomintoul,10-year-old,10,40.00
Tomintoul,12-year-old,12,43.00
Tomintoul,14-year-old,14,43.00
Tomintoul,16-year-old,16,40.00
Tomintoul,1976,36,40.00
Tomintoul,33-year-old,33,43.00
Tormore,"1988 ALOS",28,50.40
Tormore,"1995 SV",20,43.00
Tormore,"1995 WCh",19,51.50
Tormore,12-year-old,12,40.00
Tullibardine,"1989 C&S",23,54.40
Tullibardine,"1989 C&S",24,53.40
Tullibardine,"2006 WCh",10,57.00
Tullibardine,"2006 WCh",10,59.50
Tullibardine,"2006 WCh",11,56.90
Tullibardine,"2006 WCh",9,59.30
Tullibardine,"Sherry Finish",,46.00
Tullibardine,1965,0,48.30
Tullibardine,1988,,46.00
Tullibardine,1993,,40.00
Tullibardine,1993,0,40.00
Tullibardine,20-year-old,20,43.00
Tullibardine,25-year-old,25,43.00
Tullibardine,Sovereign,,43.00
Usquaebach,Reserve,,43.00
Westport,"2006 WiW",,54.40
Westport,"2007 BD",9,54.50
Willowbank,"1988 NZWC",25,55.10
Wolfburn,"04-year-old - Vibrant Stills",4,50.00
Wolfburn,"Hand Crafted",3,46.00
Wolfburn,"Inaugural Release",3,46.00
Wolfburn,"No. 128",4,46.00
Wolfburn,"The Kylver Series - 2",3,50.00
Wolfburn,"The Kylver Series",3,46.00
Wolfburn,Aurora,3,46.00
Yamazaki,"Distiller's Reserve",,43.00
Yamazaki,12-year-old,12,43.00
Yamazaki,18-year-old,18,43.00
Yoichi,10-year-old,10,45.00
